{
  "test_mse": [
    {
      "value": 0.5558915986952444,
      "step": null
    }
  ],
  "test_rmse": [
    {
      "value": 0.7455813830127764,
      "step": null
    }
  ],
  "test_r2": [
    {
      "value": 0.5757877060324508,
      "step": null
    }
  ]
}