{
  "test_mse": [
    {
      "value": 0.555887913867418,
      "step": null
    }
  ],
  "test_rmse": [
    {
      "value": 0.7455789118982765,
      "step": null
    }
  ],
  "test_r2": [
    {
      "value": 0.5757905180002314,
      "step": null
    }
  ]
}